序号,名称sample_id,是否含动态键,含DA和不含(DA_strategy),合成温度(poly_tem),交联/线性(cross_class),组分名称component_name,组分摩尔质量M_i（g/mol）,组分角色group_type（Isocyanate Hydroxyl Amine ,DA位置（DA_class）,组分摩尔用量（n_i）,拉伸测试条件(strain_rate mm/min),自愈合温度（healing_temperature K),自愈合时间（healing time h）,输出：原拉伸强度MPa（tensile_strength）,输出：初始拉伸率%(elongation),输出：自愈合率%（healing_eff）,
,,,,,,？？,,,,,,,,,,,
,,,,,,,,,,,,,,,,,
1,DAG-PU-1,1,0,60,1,PTMG-1000,1000,polyol 软段,,4,,100,24h,19.5,1039.70%,90%,
,,,,,,IPDI,222.28,diisocyanate 异氰酸酯,,8,,,,,,,
,,,,,,DAG,118.09,chain_extender扩链剂,,2,,,,,,,
,,,,,,,,,,,,,,,,,
2,DAG-PU-2,1,0,60,1,PTMG-1000,1000,polyol 软段,,4,,100,24h,28.6,717.30%,90%,
,,,,,,IPDI,222.28,diisocyanate 异氰酸酯,,9,,,,,,,
,,,,,,DAG,118.09,chain_extender扩链剂,,2.5,,,,,,,
,,,,,,,,,,,,,,,,,
3,DAG-PU-3,1,0,80,1,PTMG-1000,1000,polyol 软段,,4,,100,24h,45,567.3,91%,
,,,,,,IPDI,222.28,diisocyanate 异氰酸酯,,10,,,,,,,
,,,,,,DAG,118.09,chain_extender扩链剂,,3,,,,,,,
,,,,,,,,,,,,,,,,,
4,BQDU-CPU,1,0,80,1,PTMG-1000,1000,polyol 软段,,4,,130,48h,22.9,1033.1,43.50%,
,,,,,,IPDI,222.28,diisocyanate 异氰酸酯,,10.64,,,,,,,
,,,,,,BQDO,138.12,chain_extender扩链剂,,4,,,,,,,
,,,,,,TMP,134.17,crosslinker交联剂,,1.76,,,,,,,
,,,,,,,,,,,,,,,,,
5,5%Cu-BQDU-CPU,1,0,60,1,PTMG-1000,1000,polyol 软段,,4,,130,48h,40.6,1584.6,83.90%,
,,,,,,IPDI,222.28,diisocyanate 异氰酸酯,,10.64,,,,,,,
,,,,,,BQDO,138.12,chain_extender扩链剂,,4,,,,,,,
,,,,,,TMP,134.17,crosslinker交联剂,,1.76,,,,,,,
,,,,,,CuCl2,134.45,modifying fillers,,2,,,,,,,
,,,,,,,,,,,,,,,,,
6,DAG-LPU-3,1,0,60,1,PTMG-1000,1000,polyol 软段,,1.5,,75,24h,15.7,738.7,89%,
,,,,,,IPDI,222.28,diisocyanate 异氰酸酯,,2,,,,,,,
,,,,,,DAG,118.09,chain_extender扩链剂,,0.5,,,,,,,
,,,,,,,,,,,,,,,,,
7,DAG-LPU-2,1,0,60,1,PTMG-1000,1000,polyol 软段,,1.25,,75,24h,26.3,701.5,99%,
,,,,,,IPDI,222.28,diisocyanate 异氰酸酯,,2,,,,,,,
,,,,,,DAG,118.09,chain_extender扩链剂,,0.75,,,,,,,
,,,,,,,,,,,,,,,,,
8,DAG-LPU-1,1,0,60,1,PTMG-1000,1000,polyol 软段,,1,,75,24h,40.3,531.9,87%,
,,,,,,IPDI,222.28,diisocyanate 异氰酸酯,,2,,,,,,,
,,,,,,DAG,118.09,chain_extender扩链剂,,1,,,,,,,
,,,,,,,,,,,,,,,,,
9,SPU1,1,1,60,1,PTMG,1000,polyol 软段,1,1,,60,6h,24.3,1109.30%,87.60%,
,,,,,,呋喃二甲醇,128.13,furan_diol（呋喃在主链上,,1,,,,,,,
,,,,,,4，4’羟基苯基二硫醚,218.27,chain_extender扩链剂,,1,,,,,,,
,,,,,,IPDI,222.28,diisocyanate 异氰酸酯,,3,,,,,,,
,,,,,,BMI,358.35,maleimide_crosslinker 马来交联剂,,0.1,,,,,,,
,,,,,,,,,,,,,,,,,
10,SPU2,1,1,60,1,PTMG,1000,polyol 软段,1,1,,60,6h,28.1,812.80%,,
,,,,,,呋喃二甲醇,128.13,furan_diol（呋喃在主链上,,1,,,,,,,
,,,,,,4，4’羟基苯基二硫醚,218.27,chain_extender扩链剂,,1,,,,,,,
,,,,,,IPDI,222.28,diisocyanate 异氰酸酯,,3,,,,,,,
,,,,,,BMI,358.35,maleimide_crosslinker 马来交联剂,,0.2,,,,,,,
,,,,,,,,,,,,,,,,,
11,SPU3,1,1,60,1,PTMG,1000,polyol 软段,1,1,,60,6h,34.1,631%,,
,,,,,,呋喃二甲醇,128.13,furan_diol（呋喃在主链上,,1,,,,,,,
,,,,,,4，4’羟基苯基二硫醚,218.27,chain_extender扩链剂,,1,,,,,,,
,,,,,,IPDI,222.28,diisocyanate 异氰酸酯,,3,,,,,,,
,,,,,,BMI,358.35,maleimide_crosslinker 马来交联剂,,0.3,,,,,,,
,,,,,,,,,,,,,,,,,
12,SPU4,,,,,PTMG,1000,polyol 软段,1,1,,60,6h,38.1,628.70%,,
,,1,1,60,1,呋喃二甲醇,128.13,furan_diol（呋喃在主链上,,1,,,,,,,
,,,,,,4，4’羟基苯基二硫醚,218.27,chain_extender扩链剂,,1,,,,,,,
,,,,,,IPDI,222.28,diisocyanate 异氰酸酯,,3,,,,,,,
,,,,,,BMI,358.35,maleimide_crosslinker 马来交联剂,,0.4,,,,,,,
,,,,,,,,,,,,,,,,,
13,SPU5,1,1,100,1,PTMG,1000,polyol 软段,1,1,,60,6h,39.2,560.10%,,
,,,,,,呋喃二甲醇,128.13,furan_diol（呋喃在主链上,,1,,,,,,,
,,,,,,4，4’羟基苯基二硫醚,218.27,chain_extender扩链剂,,1,,,,,,,
,,,,,,IPDI,222.28,diisocyanate 异氰酸酯,,3,,,,,,,
,,,,,,BMI,358.35,maleimide_crosslinker 马来交联剂,,0.5,,,,,,,
,,,,,,,,,,,,,,,,,
14,DA-DPU-PCL2000,1,1,100,1,PCL-2000,2000,polyol 软段,1,1,,,,15MPa,1000%,NaN,
,,,,,,IPDI,222.28,diisocyanate 异氰酸酯,,3,,,,,,,
,,,,,,DMG,116.12,chain_extender扩链剂,,1,,,,,,,
,,,,,,"2,5呋喃二甲醇",128.13,furan_diol(主链),,1,,,,,,,
,,,,,,BMI,358.35,maleimide_crosslinker 马来交联剂,,呋喃：BMI=1:0.2,,,,,,,
,,,,,,,,,,,,,,,,,
15,TCPUA-O,1,1,100,1,PBA-1000,1000,polyol 软段,0,1,,,,19,664.36%,NaN,
,,,,,,BMI,358.35,maleimide_crosslinker 马来交联剂,,0.5,,,,,,,
,,,,,,KC,98.1,furan_diol（呋喃在主链上,,1.2,,,,,,,
,,,,,,MDI,250.25,diisocyanate 异氰酸酯,,1.45,,,,,,,
,,,,,,tri-HDI,504.58,diisocyanate_crosslink（异氰酸酯交联剂）,,0.1,,,,,,,
,,,,,,,,,,,,,,,,,
16,TCPUA-A,1,1,100,1,PBA-1000,1000,polyol 软段,0,1,,,,20.01,489.60%,NaN,
,,,,,,BMI,358.35,maleimide_crosslinker 马来交联剂,,0.5,,,,,,,
,,,,,,KC,98.1,furan_diol（呋喃在主链上,,1,,,,,,,
,,,,,,MDI,250.25,diisocyanate 异氰酸酯,,1.05,,,,,,,
,,,,,,tri-HDI,504.58,diisocyanate_crosslink（异氰酸酯交联剂）,,0.3,,,,,,,
,,,,,,,,,,,,,,,,,
17,TCPUA-B,1,1,100,1,PBA-1000,1000,polyol 软段,0,1,,,,38.77,355.31%,NaN,
,,,,,,BMI,358.35,maleimide_crosslinker 马来交联剂,,1,,,,,,,
,,,,,,KC,98.1,furan_diol（呋喃在主链上,,2,,,,,,,
,,,,,,MDI,250.25,diisocyanate 异氰酸酯,,1.85,,,,,,,
,,,,,,tri-HDI,504.58,diisocyanate_crosslink（异氰酸酯交联剂）,,0.1,,,,,,,
,,1,1,100,1,,,,,,,,,,,,
18,TCPUA-B-20%,,,,,PBA-1000,1000,polyol 软段,0,1,,,,33.75,436.44%,NaN,
,,,,,,BMI,358.35,maleimide_crosslinker 马来交联剂,,1,,,,,,,
,,,,,,KC,98.1,furan_diol（呋喃在主链上,,2,,,,,,,
,,,,,,MDI,250.25,diisocyanate 异氰酸酯,,1.85,,,,,,,
,,,,,,tri-HDI,504.58,diisocyanate_crosslink（异氰酸酯交联剂）,,0.1,,,,,,,
,,,,,,Fe3O4,231.53,modifying fillers(改性填料),,2.23,,,,,,,
,,,,,,,,,,,,,,,,,
19,TCPUA-C,1,1,100,1,PBA-1000,1000,polyol 软段,0,1,,,,17.67,264.34%,NaN,
,,,,,,BMI,358.35,maleimide_crosslinker 马来交联剂,,1,,,,,,,
,,,,,,KC,98.1,furan_diol（呋喃在主链上,,2,,,,,,,
,,,,,,MDI,250.25,diisocyanate 异氰酸酯,,1.55,,,,,,,
,,,,,,tri-HDI,504.58,diisocyanate_crosslink（异氰酸酯交联剂）,,0.3,,,,,,,
,,,,,,,,,,,,,,,,,
20,TCPUA-E,1,1,100,1,PBA-1000,1000,polyol 软段,0,1,,,,25.46,142.45%,NaN,
,,,,,,BMI,358.35,maleimide_crosslinker 马来交联剂,,1.5,,,,,,,
,,,,,,KC,98.1,furan_diol（呋喃在主链上,,3,,,,,,,
,,,,,,MDI,250.25,diisocyanate 异氰酸酯,,2.35,,,,,,,
,,,,,,tri-HDI,504.58,diisocyanate_crosslink（异氰酸酯交联剂）,,0.1,,,,,,,
,,,,,,,,,,,,,,,,,
21,TCPUA-E-5%,1,1,100,1,PBA-1000,1000,polyol 软段,0,1,,,,35.32,213.99%,NaN,
,,,,,,BMI,358.35,maleimide_crosslinker 马来交联剂,,1.5,,,,,,,
,,,,,,KC,98.1,furan_diol（呋喃在主链上,,3,,,,,,,
,,,,,,MDI,250.25,diisocyanate 异氰酸酯,,2.35,,,,,,,
,,,,,,tri-HDI,504.58,diisocyanate_crosslink（异氰酸酯交联剂）,,0.1,,,,,,,
,,,,,,Fe3O4,231.53,modifying fillers(改性填料),,0.56,,,,,,,
,,,,,,,,,,,,,,,,,
22,TCPUA-E-10%,1,1,100,1,PBA-1000,1000,polyol 软段,0,1,,,,30.62,181.63%,NaN,
,,,,,,BMI,358.35,maleimide_crosslinker 马来交联剂,,1.5,,,,,,,
,,,,,,KC,98.1,furan_diol（呋喃在主链上,,3,,,,,,,
,,,,,,MDI,250.25,diisocyanate 异氰酸酯,,2.35,,,,,,,
,,,,,,tri-HDI,504.58,diisocyanate_crosslink（异氰酸酯交联剂）,,0.1,,,,,,,
,,,,,,Fe3O4,231.53,modifying fillers(改性填料),,1.19,,,,,,,
,,1,1,80,1,,,,,,,,,,,,
23,TCPUA-E-15%,,,,,PBA-1000,1000,polyol 软段,0,1,,,,30.89,142.78%,NaN,
,,,,,,BMI,358.35,maleimide_crosslinker 马来交联剂,,1.5,,,,,,,
,,,,,,KC,98.1,furan_diol（呋喃在主链上,,3,,,,,,,
,,,,,,MDI,250.25,diisocyanate 异氰酸酯,,2.35,,,,,,,
,,,,,,tri-HDI,504.58,diisocyanate_crosslink（异氰酸酯交联剂）,,0.1,,,,,,,
,,,,,,Fe3O4,231.53,modifying fillers(改性填料),,1.88,,,,,,,
,,,,,,,,,,,,,,,,,
24,TCPUA-E-20%,1,1,100,1,PBA-1000,1000,polyol 软段,0,1,,,,28.04,132.68%,NaN,
,,,,,,BMI,358.35,maleimide_crosslinker 马来交联剂,,1.5,,,,,,,
,,,,,,KC,98.1,furan_diol（呋喃在主链上,,3,,,,,,,
,,,,,,MDI,250.25,diisocyanate 异氰酸酯,,2.35,,,,,,,
,,,,,,tri-HDI,504.58,diisocyanate_crosslink（异氰酸酯交联剂）,,0.1,,,,,,,
,,,,,,Fe3O4,231.53,modifying fillers(改性填料),,2.67,,,,,,,
,,,,,,,,,,,,,,,,,
25,DA-PU,1,1,80,1,KA,97.12,furan_diol(主链),1,1,,25,168h,33.7,500,NaN,
,,,,,,BMI,358.35,furan_crosslink（呋喃交联剂）,,0.5,,,,,,,
,,,,,,MDI,250.25,diisocyanate 异氰酸酯,,2,,,,,,,
,,,,,,PTMG,,polyol 软段,,1,,,,,,,
,,,,,,,,,,,,,,,,,
26,DA-PU-PTMG1000,1,1,RT->60,0,PTMG-1000,1000,polyol 软段,0,1,50,120,3h,25.1,565%,85%,
,,,,,,MDI,250.25,diisocyanate 异氰酸酯,,2,,,,,,,
,,,,,,KA,97.12,furan_diol(主链),,2,,,,,,,
,,,,,,BMI,358.35,maleimide_crosslinker 马来交联剂,,0.5,,,,,,,
,,,,,,,,,,,,,,,,,
27,DA-PU-PTMG-1400,1,1,RT->60,0,PTMG-1400,1400,polyol 软段,0,1,50,120,3h,22.3,641%,70%,
,,,,,,MDI,250.25,diisocyanate 异氰酸酯,,2,,,,,,,
,,,,,,KA,97.12,furan_diol(主链),,2,,,,,,,
,,,,,,BMI,358.35,maleimide_crosslinker 马来交联剂,,0.5,,,,,,,
,,,,,,,,,,,,,,,,,
28,DA-PU-PTMG-2000,1,1,RT->60,0,PTMG-2000,2000,polyol 软段,0,1,50,120,3h,13.3,775%,64%,
,,,,,,MDI,250.25,diisocyanate 异氰酸酯,,2,,,,,,,
,,,,,,KA,97.12,furan_diol(主链),,2,,,,,,,
,,,,,,BMI,358.35,maleimide_crosslinker 马来交联剂,,0.5,,,,,,,
,,,,,,,,,,,,,,,,,
29,TDI-PUR-DA1,1,1,60 → 75 → 80,0,PPG-2000,2000,polyol 软段,0,1,25,80,24h,5.28,339%,62%,
,,,,,,TDI,174.2,diisocyanate 异氰酸酯,,2,,,,,,,
,,,,,,KA,97.12,furan_diol(主链),,2,,,,,,,
,,,,,,BMI,358.35,maleimide_crosslinker 马来交联剂,,1,,,,,,,
,,,,,,,,,,,,,,,,,
30,TDI-PUR-DA2,1,1,60 → 75 → 60,0,PPG-2000,2000,polyol 软段,0,1,25,80,24h,3.65,345%,58%,
,,,,,,TDI,174.16,diisocyanate 异氰酸酯,,2,,,,,,,
,,,,,,KA,97.12,furan_diol(主链),,2,,,,,,,
,,,,,,BMI,358.35,maleimide_crosslinker 马来交联剂,,0.75,,,,,,,
,,,,,,,,,,,,,,,,,
31,TDI-PUR-DA3,1,1,60 → 75 → 60,0,PPG-2000,2000,polyol 软段,0,1,25,80,24h,1.96,352%,54%,
,,,,,,TDI,174.16,diisocyanate 异氰酸酯,,2,,,,,,,
,,,,,,KA,97.12,furan_diol(主链),,2,,,,,,,
,,,,,,BMI,358.35,maleimide_crosslinker 马来交联剂,,0.5,,,,,,,
,,,,,,,,,,,,,,,,,
32,TDI-PUR-DA4,1,1,60 → 75 → 60,0,PPG-2000,2000,polyol 软段,0,1,25,80,24h,0.91,358%,53%,
,,,,,,TDI,174.16,diisocyanate 异氰酸酯,,2,,,,,,,
,,,,,,KA,97.12,furan_diol(主链),,2,,,,,,,
,,,,,,BMI,358.35,maleimide_crosslinker 马来交联剂,,0.25,,,,,,,
,,,,,,,,,,,,,,,,,
33,IPDI-PUA-DA1,1,1,60 → 75 → 60,0,PPG-2000,2000,polyol 软段,0,1,25,80,24h,4.68,392%,71%,
,,,,,,IPDI,222.3,diisocyanate 异氰酸酯,,2,,,,,,,
,,,,,,KA,97.12,furan_diol(主链),,2,,,,,,,
,,,,,,BMI,358.35,maleimide_crosslinker 马来交联剂,,1,,,,,,,
,,,,,,,,,,,,,,,,,
34,IPDI-PUA-DA2,1,1,60 → 75 → 60,0,PPG-2000,2000,polyol 软段,0,1,25,80,24h,3.23,405%,67%,
,,,,,,IPDI,222.3,diisocyanate 异氰酸酯,,2,,,,,,,
,,,,,,KA,97.12,furan_diol(主链),,2,,,,,,,
,,,,,,BMI,358.35,maleimide_crosslinker 马来交联剂,,0.75,,,,,,,
,,,,,,,,,,,,,,,,,
35,IPDI-PUA-DA3,1,1,60 → 75 → 60,0,PPG-2000,2000,polyol 软段,0,1,25,80,24h,1.84,412%,63%,
,,,,,,IPDI,222.3,diisocyanate 异氰酸酯,,2,,,,,,,
,,,,,,KA,97.12,furan_diol(主链),,2,,,,,,,
,,,,,,BMI,358.35,maleimide_crosslinker 马来交联剂,,0.5,,,,,,,
,,,,,,,,,,,,,,,,,
36,IPDI-PUA-DA4,1,1,60 → 75 → 60,0,PPG-2000,2000,polyol 软段,0,1,25,80,24h,0.88,421%,61%,
,,,,,,IPDI,222.3,diisocyanate 异氰酸酯,,2,,,,,,,
,,,,,,KA,97.12,furan_diol(主链),,2,,,,,,,
,,,,,,BMI,358.35,maleimide_crosslinker 马来交联剂,,0.25,,,,,,,
,,,,,,,,,,,,,,,,,
37,DA-SM-PU-0,0,0,75->65,0,PCL-2000,2000,polyol 软段,,1,50,60,12h,15,680%,4.30%,
,,,,,,IPDI,222.3,diisocyanate 异氰酸酯,,2,,,,,,,
,,,,,,KC,98.1,furan_diol(主链),,2,,,,,,,
,,,,,,,,,,,,,,,,,
38,DA-SM-PU-1,1,1,75->65,1,PCL-2000,2000,polyol 软段,0,1,50,60,12h,17.5,905%,71.40%,
,,,,,,IPDI,222.3,diisocyanate 异氰酸酯,,2,,,,,,,
,,,,,,KC,98.1,furan_diol(主链),,2,,,,,,,
,,,,,,TMI,386.36,maleimide_crosslinker 马来交联剂,,0.28,,,,,,,
,,,,,,,,,,,,,,,,,
39,DA-SM-PU-2,1,1,75->65,1,PCL-2000,2000,polyol 软段,0,1,50,60,12h,20.2,1120%,74.80%,
,,,,,,IPDI,222.3,diisocyanate 异氰酸酯,,2,,,,,,,
,,,,,,KC,98.1,furan_diol(主链),,2,,,,,,,
,,,,,,TMI,386.36,maleimide_crosslinker 马来交联剂,,0.75,,,,,,,
,,,,,,,,,,,,,,,,,
40,DA-SM-PU-3,1,1,75->65,1,PCL-2000,2000,polyol 软段,0,1,50,60,12h,25.1,1364%,99.10%,
,,,,,,IPDI,222.3,diisocyanate 异氰酸酯,,2,,,,,,,
,,,,,,KC,98.1,furan_diol(主链),,2,,,,,,,
,,,,,,TMI,386.36,maleimide_crosslinker 马来交联剂,,1,,,,,,,
,,,,,,,,,,,,,,,,,
41,MPA,1,1,60,0,DL-1000,1000,polyol 软段,0,1,50,90,3h,9.65,457.52%,73.57%,
,,,,,,NPG,104.15,chain_extender 扩链剂,,1.5,,,,,,,
,,,,,,TDI,174.15,diisocyanate 异氰酸酯,,3,,,,,,,
,,,,,,HDI,168.2,diisocyanate 异氰酸酯,,0,,,,,,,
,,,,,,KC,98.1,furan_diol(主链),,1,,,,,,,
,,,,,,BMI,358.35,maleimide_crosslinker 马来交联剂,,0.5,,,,,,,
,,,,,,,,,,,,,,,,,
42,HTK-PU（凝胶，没有软段）,1,1,70,1,HT-100,504.58,diisocyanate 异氰酸酯,0,1,50,90,12h,9.34,1.13%,67.56%,
,,,,,,KC,98.1,furan_diol(主链),,1,,,,,,,
,,,,,,BMI,358.35,maleimide_crosslinker 马来交联剂,,0.25,,,,,,,
,,,,,,,,,,,,,,,,,
43,ITB-PU,1,1,70,1,DL-1000,1000,polyol 软段,1,1,50,80,12H,13.21,25.27%,80.02%,
,,,,,,IPDI,222.3,diisocyanate 异氰酸酯,,2,,,,,,,
,,,,,,TA,,furan_crosslinker 呋喃交联剂,,2,,,,,,,
,,,,,,BMI,358.35,maleimide_crosslinker 马来交联剂,,3,,,,,,,
,,,,,,,,,,,,,,,,,
44,PU-BDO,0,0,65,0,PBA,1000,polyol 软段,,1,50,,,12,533%,,
,,,,,,BDO,90.12,chain_extender 扩链剂,,1,,,,,,,
,,,,,,MDI,250.25,diisocyanate 异氰酸酯,,2,,,,,,,
,,,,,,,,,,,,,,,,,
45,PU-BDO-ANOTHER,1,1,60,0,PBA,1000,polyol 软段,,1,50,60,48h,25,440%,80%,
,,,,,,KA,97.1,furan_crosslinker 呋喃交联剂,,1,,,,,,,
,,,,,,MDI,250.25,diisocyanate 异氰酸酯,,2,,,,,,,
,,,,,,BMI,358.35,maleimide_crosslinker 马来交联剂,,1,,,,,,,
,,,,,,,,,,,,,,,,,
46,FPU,0,0,60,0,PTMG,1000,polyol 软段,,1,25,,,12.3,546%,,
,,,,,,TDI,174.16,diisocyanate 异氰酸酯,,2,,,,,,,
,,,,,,FDO(糠胺1 + 环氧丙烷2),174.2,furan_diol(主链),,1,,,,,,,
,,,,,,,,,,,,,,,,,
47,DA-PU-TDI-FDO-0.25,1,1,60,1,PTMG,1000,polyol 软段,1,1,25,60,48,12.7,412%,94%,
,,,,,,TDI,174.16,diisocyanate 异氰酸酯,,2,,,,,,,
,,,,,,FDO(糠胺1 + 环氧丙烷2),174.2,furan_crosslinker 呋喃交联剂,,1,,,,,,,
,,,,,,BMI,358.35,maleimide_crosslinker 马来交联剂,,0.25,,,,,,,
,,,,,,,,,,,,,,,,,
48,DA-PU-TDI-FDO-0.5,1,1,60,1,PTMG,1000,polyol 软段,1,1,25,60,48,14.2,356%,92%,
,,,,,,TDI,174.16,diisocyanate 异氰酸酯,,2,,,,,,,
,,,,,,FDO(糠胺1 + 环氧丙烷2),174.2,furan_crosslinker 呋喃交联剂,,1,,,,,,,
,,,,,,BMI,358.35,maleimide_crosslinker 马来交联剂,,0.5,,,,,,,
,,,,,,,,,,,,,,,,,
49,DA-PU-TDI-FDO-0.75,1,1,60,1,PTMG,1000,polyol 软段,1,1,25,60,48,14.8,254%,92%,
,,,,,,TDI,174.16,diisocyanate 异氰酸酯,,2,,,,,,,
,,,,,,FDO(糠胺1 + 环氧丙烷2),174.2,furan_crosslinker 呋喃交联剂,,1,,,,,,,
,,,,,,BMI,358.35,maleimide_crosslinker 马来交联剂,,0.75,,,,,,,
,,,,,,,,,,,,,,,,,
50,DA-PU-TDI-FDO-1,1,1,60,1,PTMG,1000,polyol 软段,1,1,25,60,48,15.6,162%,90%,
,,,,,,TDI,174.16,diisocyanate 异氰酸酯,,2,,,,,,,
,,,,,,FDO(糠胺1 + 环氧丙烷2),174.2,furan_crosslinker 呋喃交联剂,,1,,,,,,,
,,,,,,BMI,358.35,maleimide_crosslinker 马来交联剂,,1,,,,,,,
,,,,,,,,,,,,,,,,,
51,FAm-DA-PU,1,1,60,1,TMN-700,700,polyol 软段,1,1,500,110,10min,8.56,310%,81.60%,
,,,,,,DMN-2000,2000,polyol 软段,,1,,,,,,,
,,,,,,IPDI,222.3,diisocyanate 异氰酸酯,,4,,,,,,,
,,,,,,KA,97.1,furan_diol(主链),,2,,,,,,,
,,,,,,BMI,358.35,maleimide_crosslinker 马来交联剂,,1,,,,,,,
,,,,,,,,,,,,,,,,,
52,L-DAPU-1,1,1,60,0,PADG,2000,polyol 软段,0,1,25,60,16h,3.68,820%,76%,
,,,,,,IPDI,222.3,diisocyanate 异氰酸酯,,2,,,,,,,
,,,,,,FPDP(IPDI+KA),367.6,furan_diol(主链),,1,,,,,,,
,,,,,,BMI,358.35,maleimide_crosslinker 马来交联剂,,1.25,,,,,,,
,,,,,,KA,97.1,furan_diol(主链),,2,,,,,,,
,,,,,,,,,,,,,,,,,
53,L-DAPU-2,1,1,60,0,PADG,2000,polyol 软段,0,1,25,60,16h,7.2,667%,79%,
,,,,,,IPDI,222.3,diisocyanate 异氰酸酯,,2,,,,,,,
,,,,,,FPDP(IPDI+KA),367.6,furan_diol(主链),,1,,,,,,,
,,,,,,BMI,358.35,maleimide_crosslinker 马来交联剂,,1.11,,,,,,,
,,,,,,KA,97.1,furan_diol(主链),,2,,,,,,,
,,,,,,,,,,,,,,,,,
54,L-DAPU-3,1,1,60,0,PADG,2000,polyol 软段,0,1,25,60,16h,9.66,533%,81.10%,
,,,,,,IPDI,222.3,diisocyanate 异氰酸酯,,2,,,,,,,
,,,,,,FPDP(IPDI+KA),367.6,furan_diol(主链),,1,,,,,,,
,,,,,,BMI,358.35,maleimide_crosslinker 马来交联剂,,1,,,,,,,
,,,,,,KA,97.1,furan_diol(主链),,2,,,,,,,
,,,,,,,,,,,,,,,,,
55,L-DAPU-4,1,1,60,0,PADG,2000,polyol 软段,0,1,25,60,16h,8.95,540%,78%,
,,,,,,IPDI,222.3,diisocyanate 异氰酸酯,,2,,,,,,,
,,,,,,FPDP(IPDI+KA),367.6,furan_diol(主链),,1.1,,,,,,,
,,,,,,BMI,358.35,maleimide_crosslinker 马来交联剂,,1,,,,,,,
,,,,,,KA,97.1,furan_diol(主链),,2,,,,,,,
,,,,,,,,,,,,,,,,,
56,L-DAPU-5,1,1,60,0,PADG,2000,polyol 软段,0,1,25,60,16h,6.07,650%,73%,
,,,,,,IPDI,222.3,diisocyanate 异氰酸酯,,2,,,,,,,
,,,,,,FPDP(IPDI+KA),367.6,furan_diol(主链),,1.2,,,,,,,
,,,,,,BMI,358.35,maleimide_crosslinker 马来交联剂,,1,,,,,,,
,,,,,,KA,97.1,furan_diol(主链),,2,,,,,,,
,,,,,,,,,,,,,,,,,
57,C-DAPU-1,1,1,60,1,PADG,2000,polyol 软段,0,0.4808,25,,,8.86,780%,NaN,
,,,,,,IPDI,222.3,diisocyanate 异氰酸酯,,0.9616,,,,,,,
,,,,,,FPDP(IPDI+KA),367.6,furan_diol(主链),,0.4808,,,,,,,
,,,,,,BMI,358.35,maleimide_crosslinker 马来交联剂,,0.9,,,,,,,
,,,,,,KA,97.1,furan_diol(主链),,0.9616,,,,,,,
,,,,,,NF（KA+N100三官能度NCO）,761.8,crosslinker（交联剂）,,0.0385,,,,,,,
,,,,,,,,,,,,,,,,,
58,C-DAPU-2,1,1,60,1,PADG,2000,polyol 软段,0,0.4808,25,,,11.46,733%,NaN,
,,,,,,IPDI,222.3,diisocyanate 异氰酸酯,,0.9616,,,,,,,
,,,,,,FPDP(IPDI+KA),367.6,furan_diol(主链),,0.4808,,,,,,,
,,,,,,BMI,358.35,maleimide_crosslinker 马来交联剂,,1,,,,,,,
,,,,,,KA,97.1,furan_diol(主链),,0.9616,,,,,,,
,,,,,,NF（KA+N100三官能度NCO）,761.8,crosslinker（交联剂）,,0.0385,,,,,,,
,,,,,,,,,,,,,,,,,
59,C-DAPU-3,1,1,60,1,PADG,2000,polyol 软段,0,0.4808,25,,,9.32,820%,NaN,
,,,,,,IPDI,222.3,diisocyanate 异氰酸酯,,0.9616,,,,,,,
,,,,,,FPDP(IPDI+KA),367.6,furan_diol(主链),,0.4808,,,,,,,
,,,,,,BMI,358.35,maleimide_crosslinker 马来交联剂,,1.1,,,,,,,
,,,,,,KA,97.1,furan_diol(主链),,0.9616,,,,,,,
,,,,,,NF（KA+N100三官能度NCO）,761.8,crosslinker（交联剂）,,0.0385,,,,,,,
,,,,,,,,,,,,,,,,,
60,C-DAPU-4,1,1,60,1,PADG,2000,polyol 软段,0,0.4808,25,,,6.47,650%,NaN,
,,,,,,IPDI,222.3,diisocyanate 异氰酸酯,,0.9616,,,,,,,
,,,,,,FPDP(IPDI+KA),367.6,furan_diol(主链),,0.4808,,,,,,,
,,,,,,BMI,358.35,maleimide_crosslinker 马来交联剂,,1.2,,,,,,,
,,,,,,KA,97.1,furan_diol(主链),,0.9616,,,,,,,
,,,,,,NF（KA+N100三官能度NCO）,761.8,crosslinker（交联剂）,,0.0385,,,,,,,
,,,,,,,,,,,,,,,,,
61,C-DAPU-C%-1,1,1,60,1,PADG,2000,polyol 软段,0,0.4854,25,,,12.98,600%,NaN,
,,,,,,IPDI,222.3,diisocyanate 异氰酸酯,,0.9708,,,,,,,
,,,,,,FPDP(IPDI+KA),367.6,furan_diol(主链),,0.4854,,,,,,,
,,,,,,BMI,358.35,maleimide_crosslinker 马来交联剂,,1,,,,,,,
,,,,,,KA,97.1,furan_diol(主链),,0.9708,,,,,,,
,,,,,,NF（KA+N100三官能度NCO）,761.8,crosslinker（交联剂）,,0.0291,,,,,,,
,,,,,,,,,,,,,,,,,
62,C-DAPU-C%-2,1,1,60,1,PADG,2000,polyol 软段,0,0.4808,25,,,13.64,567%,NaN,
,,,,,,IPDI,222.3,diisocyanate 异氰酸酯,,0.9616,,,,,,,
,,,,,,FPDP(IPDI+KA),367.6,furan_diol(主链),,0.4808,,,,,,,
,,,,,,BMI,358.35,maleimide_crosslinker 马来交联剂,,1,,,,,,,
,,,,,,KA,97.1,furan_diol(主链),,0.9616,,,,,,,
,,,,,,NF（KA+N100三官能度NCO）,761.8,crosslinker（交联剂）,,0.0385,,,,,,,
,,,,,,,,,,,,,,,,,
63,C-DAPU-C%-3,1,1,60,1,PADG,2000,polyol 软段,0,0.4762,25,60,16h,14.86,466%,58%,
,,,,,,IPDI,222.3,diisocyanate 异氰酸酯,,0.9524,,,,,,,
,,,,,,FPDP(IPDI+KA),367.6,furan_diol(主链),,0.4762,,,,,,,
,,,,,,BMI,358.35,maleimide_crosslinker 马来交联剂,,1,,,,,,,
,,,,,,KA,97.1,furan_diol(主链),,0.9524,,,,,,,
,,,,,,NF（KA+N100三官能度NCO）,761.8,crosslinker（交联剂）,,0.0476,,,,,,,
,,,,,,,,,,,,,,,,,
64,C-DAPU-C%-4,1,1,60,1,PADG,2000,polyol 软段,0,0.4717,25,,,16.62,280%,NaN,
,,,,,,IPDI,222.3,diisocyanate 异氰酸酯,,0.9434,,,,,,,
,,,,,,FPDP(IPDI+KA),367.6,furan_diol(主链),,0.4717,,,,,,,
,,,,,,BMI,358.35,maleimide_crosslinker 马来交联剂,,1,,,,,,,
,,,,,,KA,97.1,furan_diol(主链),,0.9434,,,,,,,
,,,,,,NF（KA+N100三官能度NCO）,761.8,crosslinker（交联剂）,,0.0566,,,,,,,
,,,,,,,,,,,,,,,,,
65,C-DAPU-C%-5,1,1,60,1,PADG,2000,polyol 软段,0,0.4673,25,,,17.12,200%,NaN,
,,,,,,IPDI,222.3,diisocyanate 异氰酸酯,,0.9346,,,,,,,
,,,,,,FPDP(IPDI+KA),367.6,furan_diol(主链),,0.4673,,,,,,,
,,,,,,BMI,358.35,maleimide_crosslinker 马来交联剂,,1,,,,,,,
,,,,,,KA,97.1,furan_diol(主链),,0.9346,,,,,,,
,,,,,,NF（KA+N100三官能度NCO）,761.8,crosslinker（交联剂）,,0.0654,,,,,,,
,,,,,,,,,,,,,,,,,
66,"PU-DA-FGE-FA+1,8-BMI",1,1,70,1,PTMG-1000,1000,polyol 软段,0,1,2,70,4h,4.2,305.59%,94.76%,
,,,,,,IPDI,222.3,diisocyanate 异氰酸酯,,2,,,,,,,
,,,,,,FGE-FA（FGE+KA）,264.3,furan_diol(主链),,2,,,,,,,
,,,,,,"1,8-BMI",304.34,maleimide_crosslinker 马来交联剂,,2,,,,,,,
,,,,,,,,,,,,,,,,,
67,DA-PU-BMImain_chain-0,0,0,65,0,PTMG-2000,2000,polyol 软段,,1,50,180,20min,48.9,853%,NaN,
,,,,,,MDI,250.25,diisocyanate 异氰酸酯,,4.18,,,,,,,
,,,,,,DHPM(带羟基的BMI),171.15,furan_crosslinker 马来主链,,4.45,,,,,,,
,,,,,,FHF（KC+HDI）,364.4,furan__crosslinker ,,0,,,,,,,
,,,,,,,,,,,,,,,,,
68,DA-PU-BMImain_chain-25,1,1,65,0,PTMG-2000,2000,polyol 软段,0,1,50,180,20min,49.1,612%,NaN,
,,,,,,MDI,250.25,diisocyanate 异氰酸酯,,4.18,,,,,,,
,,,,,,DHPM(带羟基的BMI),171.15,furan_crosslinker 马来主链,,4.45,,,,,,,
,,,,,,FHF（KC+HDI）,364.4,furan__crosslinker ,,0.556,,,,,,,
,,,,,,,,,,,,,,,,,
69,DA-PU-BMImain_chain-50,1,1,65,0,PTMG-2000,2000,polyol 软段,0,1,50,180,20min,42,448%,NaN,
,,,,,,MDI,250.25,diisocyanate 异氰酸酯,,4.18,,,,,,,
,,,,,,DHPM(带羟基的BMI),171.15,furan_crosslinker 马来主链,,4.45,,,,,,,
,,,,,,FHF（KC+HDI）,364.4,furan__crosslinker ,,1.112,,,,,,,
,,,,,,,,,,,,,,,,,
70,DA-PU-BMImain_chain-75,1,1,65,0,PTMG-2000,2000,polyol 软段,0,1,50,180,20min,40,339%,NaN,
,,,,,,MDI,250.25,diisocyanate 异氰酸酯,,4.18,,,,,,,
,,,,,,DHPM(带羟基的BMI),171.15,furan_crosslinker 马来主链,,4.45,,,,,,,
,,,,,,FHF（KC+HDI）,364.4,furan__crosslinker ,,1.668,,,,,,,
,,,,,,,,,,,,,,,,,
71,DA-PU-BMImain_chain-100,1,1,65,0,PTMG-2000,2000,polyol 软段,0,1,50,180,20min,50.3,304%,60%（热压自愈合）,
,,,,,,MDI,250.25,diisocyanate 异氰酸酯,,4.18,,,,,,,
,,,,,,DHPM(带羟基的BMI),171.15,furan_crosslinker 马来主链,,4.45,,,,,,,
,,,,,,FHF（KC+HDI）,364.4,furan__crosslinker ,,2.225,,,,,,,
,,,,,,,,,,,,,,,,,
72,PU-BDO-UP,0,0,65,0,PTMG-2000,2000,polyol 软段,0,1,50,180,20min,49.9,998%,40%,
,,,,,,MDI,250.25,diisocyanate 异氰酸酯,,4.18,,,,,,,
,,,,,,BDO,90.14,chain_extender 扩链剂,,8.44,,,,,,,
,,,,,,,,,,,,,,,,,
73,PU-BDO-A,0,0,75->60,0,PPG-2000,2000,polyol 软段,0,1,50,60,24h,0.63,248%,53%,
,,,,,,MDI,250.25,diisocyanate 异氰酸酯,,2,,,,,,,
,,,,,,BDO,90.12,chain_extender 扩链剂,,1,,,,,,,
,,,,,,,,,,,,,,,,,
74,PU-DA-PPG-R1.5,1,1,75->25->60,0,PPG-2000,2000,polyol 软段,0,1,50,120,15min,2.4,510%,74%,
,,,,,,MDI,250.25,diisocyanate 异氰酸酯,,1.5,,60,24h,,,,
,,,,,,KA,97.12,furan_diol(主链),,1.5,,,,,,,
,,,,,,BMI,358.35,maleimide_crosslinker 马来交联剂,,0.75,,,,,,,
,,,,,,,,,,,,,,,,,
75,PU-DA-PPG-R2.0,1,1,75->25->60,0,PPG-2000,2000,polyol 软段,0,1,50,120,15min,6.55,444%,80%,
,,,,,,MDI,250.25,diisocyanate 异氰酸酯,,2,,60,24h,,,,
,,,,,,KA,97.12,furan_diol(主链),,2,,,,,,,
,,,,,,BMI,358.35,maleimide_crosslinker 马来交联剂,,1,,,,,,,
,,,,,,,,,,,,,,,,,
76,PU-DA-PPG-R2.5,1,1,75->25->60,0,PPG-2000,2000,polyol 软段,0,1,50,120,15min,10.09,247%,35%,
,,,,,,MDI,250.25,diisocyanate 异氰酸酯,,2.5,,60,24h,,,,
,,,,,,KA,97.12,furan_diol(主链),,2.5,,,,,,,
,,,,,,BMI,358.35,maleimide_crosslinker 马来交联剂,,1.25,,,,,,,
,,,,,,,,,,,,,,,,,
77,PU-DA-PPG-R2.0-hard1,1,1,75->25->60,0,PPG-1000,1000,polyol 软段,0,1,50,120,15min,8.5,7%,44%,
,,,,,,MDI,250.25,diisocyanate 异氰酸酯,,2,,60,24h,,,,
,,,,,,KA,97.12,furan_diol(主链),,2,,,,,,,
,,,,,,BMI,358.35,maleimide_crosslinker 马来交联剂,,1,,,,,,,
,,,,,,,,,,,,,,,,,
78,PU-DA-PPG-R2.0-hard2,1,1,75->25->60,0,PPG-1500,1500,polyol 软段,0,1,50,120,15min,7.57,133%,55%,
,,,,,,MDI,250.25,diisocyanate 异氰酸酯,,2,,60,24h,,,,
,,,,,,KA,97.12,furan_diol(主链),,2,,,,,,,
,,,,,,BMI,358.35,maleimide_crosslinker 马来交联剂,,1,,,,,,,
,,,,,,,,,,,,,,,,,
79,PU-DA-PPG-R2.0-SiO2纳米1,1,1,75->25->60,0,PPG-1500,1500,polyol 软段,0,1,50,120,15min,7.36,415%,79%,和纳米粒子的分散状态相关
,,,,,,MDI,250.25,diisocyanate 异氰酸酯,,2,,60,24h,,,,
,,,,,,KA,97.12,furan_diol(主链),,2,,,,,,,
,,,,,,BMI,358.35,maleimide_crosslinker 马来交联剂,,1,,,,,,,
,,,,,,纳米SiO2,粒径 30±5 nm,modifying fillers,,2%,,,,,,,
,,,,,,,,,,,,,,,,,
80,PU-DA-PPG-R2.0-SiO2纳米2,1,1,75->25->60,0,PPG-1500,1500,polyol 软段,0,1,50,120,15min,8.55,369%,70%,
,,,,,,MDI,250.25,diisocyanate 异氰酸酯,,2,,60,24h,,,,
,,,,,,KA,97.12,furan_diol(主链),,2,,,,,,,
,,,,,,BMI,358.35,maleimide_crosslinker 马来交联剂,,1,,,,,,,
,,,,,,纳米SiO2,粒径 30±5 nm,modifying fillers,,4%,,,,,,,
,,,,,,,,,,,,,,,,,
81,PU-DA-PPG-R2.0-SiO2纳米3,1,1,75->25->60,0,PPG-1500,1500,polyol 软段,0,1,50,120,15min,2.92,198%,31%,
,,,,,,MDI,250.25,diisocyanate 异氰酸酯,,2,,60,24h,,,,
,,,,,,KA,97.12,furan_diol(主链),,2,,,,,,,
,,,,,,BMI,358.35,maleimide_crosslinker 马来交联剂,,1,,,,,,,
,,,,,,纳米SiO2,粒径 30±5 nm,modifying fillers,,6%,,,,,,,
,,,,,,,,,,,,,,,,,
82,PBA-PU-2(热熔胶，自愈合无用),1,1,80->60,0,PBA,1000,polyol 软段,0,1,50,,,8.64,240%,NaN,
,,,,,,CDI,162.15,hard_segment 非异氰酸酯硬段,,2,,,,,,,
,,,,,,KA,97.12,furan_diol(主链),,2,,,,,,,
,,,,,,BMI,358.35,maleimide_crosslinker 马来交联剂,,1,,,,,,,
,,,,,,,,,,,,,,,,,
83,PBA-PU-2.3(热熔胶，自愈合无用),1,1,80->60,0,PBA,1000,polyol 软段,0,1,50,1876.89,,9.02,193%,NaN,
,,,,,,CDI,162.15,hard_segment 非异氰酸酯硬段,,2.3,,,,,,,
,,,,,,KA,97.12,furan_diol(主链),,2.3,,,,,,,
,,,,,,BMI,358.35,maleimide_crosslinker 马来交联剂,,1.15,,,,,,,
,,,,,,,,,,,,,,,,,
84,PBA-PU-2.5(热熔胶，自愈合无用),1,1,80->60,0,PBA,1000,polyol 软段,0,1,50,,,9.65,145%,NaN,
,,,,,,CDI,162.15,hard_segment 非异氰酸酯硬段,,2.5,,,,,,,
,,,,,,KA,97.12,furan_diol(主链),,2.5,,,,,,,
,,,,,,BMI,358.35,maleimide_crosslinker 马来交联剂,,1.25,,,,,,,
,,,,,,,,,,,,,,,,,
85,PBA-PU-2.7(热熔胶，自愈合无用),1,1,80->60,0,PBA,1000,polyol 软段,0,1,50,,,5.05,151%,NaN,
,,,,,,CDI,162.15,hard_segment 非异氰酸酯硬段,,2.7,,,,,,,
,,,,,,KA,97.12,furan_diol(主链),,2.7,,,,,,,
,,,,,,BMI,358.35,maleimide_crosslinker 马来交联剂,,1.35,,,,,,,
,,,,,,,,,,,,,,,,,
86,PBA-PU-3(热熔胶，自愈合无用),1,1,80->60,0,PBA,1000,polyol 软段,0,1,50,,,太脆，无法拉伸测试,,NaN,
,,,,,,CDI,162.15,hard_segment 非异氰酸酯硬段,,3,,,,,,,
,,,,,,KA,97.12,furan_diol(主链),,3,,,,,,,
,,,,,,BMI,358.35,maleimide_crosslinker 马来交联剂,,1.5,,,,,,,
,,,,,,,,,,,,,,,,,
87,PTMG-PU-2(热熔胶，自愈合无用),1,1,80->60,0,PTMG,1000,polyol 软段,0,1,50,,,1.19,403%,NaN,
,,,,,,CDI,162.15,hard_segment 非异氰酸酯硬段,,2,,,,,,,
,,,,,,KA,97.12,furan_diol(主链),,2,,,,,,,
,,,,,,BMI,358.35,maleimide_crosslinker 马来交联剂,,1,,,,,,,
,,,,,,,,,,,,,,,,,
88,PTMG-PU-2.3(热熔胶，自愈合无用),1,1,80->60,0,PTMG,1000,polyol 软段,0,1,50,,,3.28,293%,NaN,
,,,,,,CDI,162.15,hard_segment 非异氰酸酯硬段,,2.3,,,,,,,
,,,,,,KA,97.12,furan_diol(主链),,2.3,,,,,,,
,,,,,,BMI,358.35,maleimide_crosslinker 马来交联剂,,1.15,,,,,,,
,,,,,,,,,,,,,,,,,
89,PTMG-PU-2.5(热熔胶，自愈合无用),1,1,80->60,0,PTMG,1000,polyol 软段,0,1,50,,,5.06,190%,NaN,
,,,,,,CDI,162.15,hard_segment 非异氰酸酯硬段,,2.5,,,,,,,
,,,,,,KA,97.12,furan_diol(主链),,2.5,,,,,,,
,,,,,,BMI,358.35,maleimide_crosslinker 马来交联剂,,1.25,,,,,,,
,,,,,,,,,,,,,,,,,
90,PTMG-PU-2.5(热熔胶，自愈合无用),1,1,80->60,0,PTMG,1000,polyol 软段,0,1,50,,,7.59,96%,NaN,
,,,,,,CDI,162.15,hard_segment 非异氰酸酯硬段,,2.7,,,,,,,
,,,,,,KA,97.12,furan_diol(主链),,2.7,,,,,,,
,,,,,,BMI,358.35,maleimide_crosslinker 马来交联剂,,1.35,,,,,,,
,,,,,,,,,,,,,,,,,
91,DCPU-WYP,1,1,50,1,PTMG,1000,polyol 软段,1,2,50,55,24h,53.91,720%,92.40%,
,,,,,,MDI,250.25,diisocyanate 异氰酸酯,,1,,,,,,,
,,,,,,KA,97.12,furan_crosslinker 呋喃交联剂,,1,,,,,,,
,,,,,,BMI,358.35,maleimide_crosslinker 马来交联剂,,0.5,,,,,,,
,,,,,,,,,,,,,,,,,
92,LPU-WYP,0,0,50,0,PTMG,1000,polyol 软段,,2,50,,,0.24,120%,,
,,,,,,MDI,250.25,diisocyanate 异氰酸酯,,1,,,,,,,
,,,,,,KA,97.12,furan_crosslinker 呋喃交联剂,,1,,,,,,,
